Sanger.Melo55@live.com,Jeosadaque Souza,(23) 41332-4689,70434217727,920 Franco Rua
Cicera82@live.com,Helio Souza,(21) 1116-2363,66772291735,7008 Moreira Rua
Valdomiro.Nogueira@yahoo.com,Izomar Barros,(13) 18748-3901,44378676613,8364 Nogueira Ponte
Leonel95@bol.com.br,Claudemir Silva,(83) 1568-6675,74356141229,24883 Souza Rua
Jucelino.Moraes@bol.com.br,Inês Carvalho,+55 (14) 4105-1113,27755278689,839 Macedo Ponte
Sheila1@bol.com.br,Fabrisa Reis,+55 (27) 4449-7335,61816741108,559 Marinês Rodovia
Telma_Batista@bol.com.br,Gerhard Martins Neto,(32) 89359-3590,12208358384,457 Xavier Ponte
Elisangela.Barros@gmail.com,Julio Reis,(02) 6094-2804,16180749116,07074 Janette Alameda
Elton.Reis25@bol.com.br,Heloiza Carvalho,(66) 2353-3341,02510878913,53694 Carvalho Rua
Ademir33@live.com,Sylvia Souza,(99) 73725-6668,47344748266,0585 Uriwagner Travessa
Michelangelo36@hotmail.com,Célio Macedo,(93) 4212-7735,44094381589,1056 Eros Avenida
Barbara_Souza@yahoo.com,Yngledhan Franco,(80) 64307-6536,25147177108,9318 Rizia Viela
Liana_Santos17@hotmail.com,Lin Macedo,(84) 6384-1997,17384427134,89691 Carvalho Rua
Gilson.Pereira@hotmail.com,Munekazu Batista,(06) 41334-2936,42671322402,432 Nailton Avenida
Renne.Moraes75@gmail.com,Joseane Souza,(29) 90899-2504,94247119800,743 Macedo Rua
Lenycia_Nogueira79@hotmail.com,Sr. Khalil Braga,(41) 35673-1455,56869229260,9251 Cicera Rua
Irlene_Moraes@hotmail.com,Denilson Batista,(38) 8831-3393,54277631550,1301 Barros Marginal
Cyro_Batista@gmail.com,Josivaldo Batista,+55 (29) 3760-4282,26289578332,90644 Pereira Rua
Ronnie.Moreira26@hotmail.com,Jaqueline Oliveira,(25) 96344-4583,56811614633,4207 Osmário Marginal
Jussara_Batista@bol.com.br,Vivian Martins,(06) 7367-6006,12568250500,33672 Saraiva Viela
